Name,BirthYear,DeathYear
Random Person 0,1980,1996
Random Person 1,1929,1999
Random Person 2,1936,1999
Random Person 3,1931,1999
Random Person 4,1930,1999
Random Person 5,1972,2000
Random Person 6,1936,1999
Random Person 7,1979,2000
Random Person 8,1930,1999
Random Person 9,1932,1999
Random Person 10,1950,1999
Random Person 11,1991,2000
Random Person 12,1995,2000
Random Person 13,1951,1999
Random Person 14,1976,2000
Random Person 15,1967,2000
Random Person 16,1969,2000
Random Person 17,1927,1999
Random Person 18,1971,2000
Random Person 19,1955,1999
Random Person 20,1913,1998
Random Person 21,1920,1999
Random Person 22,1927,1999
Random Person 23,1929,1999
Random Person 24,1902,1998
Random Person 25,1986,2000
Random Person 26,1920,1999
Random Person 27,1989,2000
Random Person 28,1914,1998
Random Person 29,1949,1999
Random Person 30,1941,1999
Random Person 31,1945,1999
Random Person 32,1943,1999
Random Person 33,1924,1999
Random Person 34,1925,1999
Random Person 35,1903,1998
Random Person 36,1958,1999
Random Person 37,1974,2000
Random Person 38,1936,1999
Random Person 39,1969,2000
Random Person 40,1952,1999
Random Person 41,1924,1999
Random Person 42,1929,1999
Random Person 43,1911,1998
Random Person 44,1905,1998
Random Person 45,1979,2000
Random Person 46,1996,2000
Random Person 47,1959,2000
Random Person 48,1968,2000
Random Person 49,1973,2000
Random Person 50,1956,1999
Random Person 51,1921,1999
Random Person 52,1903,1998
Random Person 53,1958,1999
Random Person 54,1954,1999
Random Person 55,1960,2000
Random Person 56,1901,1998
Random Person 57,1907,1998
Random Person 58,1928,1999
Random Person 59,1945,1999
Random Person 60,1952,1999
Random Person 61,1948,1999
Random Person 62,1964,2000
Random Person 63,1982,2000
Random Person 64,1991,2000
Random Person 65,1905,1998
Random Person 66,1948,1999
Random Person 67,1970,2000
Random Person 68,1925,1999
Random Person 69,1973,2000
Random Person 70,1909,1998
Random Person 71,1995,2000
Random Person 72,1991,2000
Random Person 73,1901,1998
Random Person 74,1902,1998
Random Person 75,1990,2000
Random Person 76,1992,2000
Random Person 77,1915,1998
Random Person 78,1924,1999
Random Person 79,1924,1999
Random Person 80,1990,2000
Random Person 81,1961,2000
Random Person 82,1920,1999
Random Person 83,1942,1999
Random Person 84,1993,2000
Random Person 85,1920,1999
Random Person 86,1942,1999
Random Person 87,1985,2000
Random Person 88,1970,2000
Random Person 89,1966,2000
Random Person 90,1901,1998
Random Person 91,1951,1999
Random Person 92,1946,1999
Random Person 93,1992,2000
Random Person 94,1917,1999
Random Person 95,1903,1998
Random Person 96,1961,2000
Random Person 97,1947,1999
Random Person 98,1920,1999
Random Person 99,2000,2000
Random Person 100,1931,1999
Random Person 101,1925,1999
Random Person 102,1934,1999
Random Person 103,1995,2000
Random Person 104,1964,2000
Random Person 105,1961,2000
Random Person 106,1930,1999
Random Person 107,1901,1998
Random Person 108,1955,1999
Random Person 109,1964,2000
Random Person 110,1969,2000
Random Person 111,1986,2000
Random Person 112,1984,2000
Random Person 113,1903,1998
Random Person 114,1955,1999
Random Person 115,1991,2000
Random Person 116,1927,1999
Random Person 117,1922,1999
Random Person 118,1990,2000
Random Person 119,1971,2000
Random Person 120,1964,2000
Random Person 121,1963,2000
Random Person 122,1900,1998
Random Person 123,1960,2000
Random Person 124,1972,2000
Random Person 125,1958,1999
Random Person 126,1949,1999
Random Person 127,1999,2000
Random Person 128,1985,2000
Random Person 129,1999,2000
Random Person 130,1929,1999
Random Person 131,1945,1999
Random Person 132,1996,2000
Random Person 133,1924,1999
Random Person 134,1994,2000
Random Person 135,1965,2000
Random Person 136,1927,1999
Random Person 137,1926,1999
Random Person 138,1978,2000
Random Person 139,1931,1999
Random Person 140,1990,2000
Random Person 141,1940,1999
Random Person 142,1930,1999
Random Person 143,1905,1998
Random Person 144,1997,2000
Random Person 145,1915,1998
Random Person 146,1968,2000
Random Person 147,1942,1999
Random Person 148,1936,1999
Random Person 149,1926,1999
Random Person 150,1977,2000
Random Person 151,1938,1999
Random Person 152,1957,1999
Random Person 153,1949,1999
Random Person 154,1936,1999
Random Person 155,1969,2000
Random Person 156,1925,1999
Random Person 157,1974,2000
Random Person 158,1923,1999
Random Person 159,1905,1998
Random Person 160,1912,1998
Random Person 161,1931,1999
Random Person 162,1917,1999
Random Person 163,1957,1999
Random Person 164,1935,1999
Random Person 165,1924,1999
Random Person 166,1991,2000
Random Person 167,1960,2000
Random Person 168,1910,1998
Random Person 169,1991,2000
Random Person 170,1964,2000
Random Person 171,1901,1998
Random Person 172,1944,1999
Random Person 173,1958,1999
Random Person 174,1982,2000
Random Person 175,1923,1999
Random Person 176,1933,1999
Random Person 177,1995,2000
Random Person 178,1963,2000
Random Person 179,1956,1999
Random Person 180,1991,2000
Random Person 181,1907,1998
Random Person 182,1963,2000
Random Person 183,1958,1999
Random Person 184,1922,1999
Random Person 185,1991,2000
Random Person 186,1988,2000
Random Person 187,1946,1999
Random Person 188,1988,2000
Random Person 189,1925,1999
Random Person 190,1939,1999
Random Person 191,1953,1999
Random Person 192,1902,1998
Random Person 193,1972,2000
Random Person 194,1919,1999
Random Person 195,1958,1999
Random Person 196,1923,1999
Random Person 197,1973,2000
Random Person 198,1971,2000
Random Person 199,1973,2000
Random Person 200,1925,1999
Random Person 201,1907,1998
Random Person 202,1931,1999
Random Person 203,1946,1999
Random Person 204,1963,2000
Random Person 205,1975,2000
Random Person 206,1995,2000
Random Person 207,2000,2000
Random Person 208,1968,1970
Random Person 209,1912,1917
Random Person 210,1936,1940
Random Person 211,1931,1935
Random Person 212,1911,1916
Random Person 213,1968,1970
Random Person 214,1915,1920
Random Person 215,1905,1911
Random Person 216,1969,1971
Random Person 217,1959,1961
Random Person 218,1934,1938
Random Person 219,1945,1948
Random Person 220,1937,1941
Random Person 221,1945,1948
Random Person 222,1972,1973
Random Person 223,1985,1986
Random Person 224,1951,1954
Random Person 225,1910,1916
Random Person 226,2000,2000
Random Person 227,1973,1974
Random Person 228,1939,1943
Random Person 229,1923,1928
Random Person 230,1900,1906
Random Person 231,1960,1962
Random Person 232,1924,1929
Random Person 233,1990,1990
Random Person 234,1931,1935
Random Person 235,1983,1984
Random Person 236,1976,1977
Random Person 237,1916,1921
Random Person 238,1996,1996
Random Person 239,1947,1950
Random Person 240,1997,1997
Random Person 241,1988,1988
Random Person 242,1978,1979
Random Person 243,1975,1976
Random Person 244,1990,1990
Random Person 245,1908,1914
Random Person 246,1942,1945
Random Person 247,1934,1938
Random Person 248,1957,1959
Random Person 249,1913,1918
Random Person 250,1989,1989
Random Person 251,1964,1966
Random Person 252,1939,1943
Random Person 253,1925,1930
Random Person 254,1936,1940
Random Person 255,1980,1981
Random Person 256,1936,1940
Random Person 257,1947,1950
Random Person 258,1995,1995
Random Person 259,1953,1956
Random Person 260,1976,1977
Random Person 261,1922,1927
Random Person 262,1961,1963
Random Person 263,1944,1947
Random Person 264,1912,1917
Random Person 265,1976,1977
Random Person 266,1907,1913
Random Person 267,1921,1926
Random Person 268,1937,1941
Random Person 269,1932,1936
Random Person 270,1930,1934
Random Person 271,1953,1956
Random Person 272,1964,1966
Random Person 273,1988,1988
Random Person 274,1949,1952
Random Person 275,1949,1952
Random Person 276,1967,1969
Random Person 277,1997,1997
Random Person 278,1996,1996
Random Person 279,1943,1946
Random Person 280,1968,1970
Random Person 281,1965,1967
Random Person 282,1915,1920
Random Person 283,1925,1930
Random Person 284,1935,1939
Random Person 285,1937,1941
Random Person 286,1921,1926
Random Person 287,1999,1999
Random Person 288,1954,1957
Random Person 289,1951,1954
Random Person 290,1947,1950
Random Person 291,1928,1932
Random Person 292,1921,1926
Random Person 293,1942,1945
Random Person 294,1971,1972
Random Person 295,1974,1975
Random Person 296,1926,1930
Random Person 297,1934,1938
Random Person 298,1963,1965
Random Person 299,1913,1918
Random Person 300,1901,1907
Random Person 301,1921,1926
Random Person 302,1998,1998
Random Person 303,1925,1930
Random Person 304,1984,1985
Random Person 305,1936,1940
Random Person 306,2000,2000
Random Person 307,1951,1954
Random Person 308,1977,1978
Random Person 309,1988,1988
Random Person 310,1913,1918
Random Person 311,1940,1944
Random Person 312,1952,1955
Random Person 313,1951,1954
Random Person 314,1985,1986
Random Person 315,1911,1916
Random Person 316,1906,1912
Random Person 317,1936,1940
Random Person 318,1909,1915
Random Person 319,1976,1977
Random Person 320,1955,1958
Random Person 321,1908,1914
Random Person 322,1967,1969
Random Person 323,1987,1987
Random Person 324,1986,1986
Random Person 325,1901,1907
Random Person 326,1931,1935
Random Person 327,1921,1926
Random Person 328,1916,1921
Random Person 329,1975,1976
Random Person 330,1922,1927
Random Person 331,1933,1937
Random Person 332,1933,1937
Random Person 333,1982,1983
Random Person 334,1942,1945
Random Person 335,1947,1950
Random Person 336,1968,1970
Random Person 337,1991,1991
Random Person 338,1941,1944
Random Person 339,1999,1999
Random Person 340,1937,1941
Random Person 341,1970,1972
Random Person 342,1921,1926
Random Person 343,1967,1969
Random Person 344,1938,1942
Random Person 345,1906,1912
Random Person 346,1977,1978
Random Person 347,1970,1972
Random Person 348,1958,1960
Random Person 349,1960,1962
Random Person 350,1968,1970
Random Person 351,1991,1991
Random Person 352,1925,1930
Random Person 353,1988,1988
Random Person 354,1958,1960
Random Person 355,1993,1993
Random Person 356,1954,1957
Random Person 357,1911,1916
Random Person 358,1939,1943
Random Person 359,1983,1984
Random Person 360,1904,1910
Random Person 361,1978,1979
Random Person 362,1934,1938
Random Person 363,1902,1908
Random Person 364,1965,1967
Random Person 365,1980,1981
Random Person 366,1906,1912
Random Person 367,1970,1972
Random Person 368,1909,1915
Random Person 369,1938,1942
Random Person 370,1944,1947
Random Person 371,1915,1920
Random Person 372,1996,1996
Random Person 373,1910,1916
Random Person 374,1938,1942
Random Person 375,1986,1986
Random Person 376,1988,1988
Random Person 377,1900,1906
Random Person 378,1949,1952
Random Person 379,1979,1980
Random Person 380,1924,1929
Random Person 381,1961,1963
Random Person 382,1964,1966
Random Person 383,1957,1959
Random Person 384,1906,1912
Random Person 385,1932,1936
Random Person 386,1908,1914
Random Person 387,1946,1949
Random Person 388,1923,1928
Random Person 389,1950,1953
Random Person 390,1993,1993
Random Person 391,1957,1959
Random Person 392,1951,1954
Random Person 393,1958,1960
Random Person 394,1994,1994
Random Person 395,1960,1962
Random Person 396,1935,1939
Random Person 397,1919,1924
Random Person 398,1901,1907
Random Person 399,1958,1960
Random Person 400,1900,1906
Random Person 401,1906,1912
Random Person 402,1961,1963
Random Person 403,1920,1925
Random Person 404,1916,1921
Random Person 405,1952,1955
Random Person 406,1996,1996
Random Person 407,1914,1919
Random Person 408,1949,1952
Random Person 409,1973,1974
Random Person 410,1905,1911
Random Person 411,1953,1956
Random Person 412,1963,1965
Random Person 413,1960,1962
Random Person 414,1958,1960
Random Person 415,1944,1947
Random Person 416,1913,1918
Random Person 417,1978,1979
Random Person 418,1996,1996
Random Person 419,1933,1937
Random Person 420,1972,1973
Random Person 421,1960,1962
Random Person 422,1946,1949
Random Person 423,1959,1961
Random Person 424,1945,1948
Random Person 425,1988,1988
Random Person 426,1964,1966
Random Person 427,1937,1941
Random Person 428,1916,1921
Random Person 429,1978,1979
Random Person 430,1951,1954
Random Person 431,1968,1970
Random Person 432,2000,2000
Random Person 433,1991,1991
Random Person 434,1979,1980
Random Person 435,1918,1923
Random Person 436,1900,1906
Random Person 437,1944,1947
Random Person 438,1941,1944
Random Person 439,1955,1958
Random Person 440,1936,1940
Random Person 441,1994,1994
Random Person 442,1997,1997
Random Person 443,1951,1954
Random Person 444,1945,1948
Random Person 445,1939,1943
Random Person 446,1995,1995
Random Person 447,1991,1991
Random Person 448,1900,1906
Random Person 449,1950,1953
Random Person 450,1946,1949
Random Person 451,1957,1959
Random Person 452,1924,1962
Random Person 453,1968,1984
Random Person 454,1986,1993
Random Person 455,1940,1970
Random Person 456,1960,1980
Random Person 457,1901,1951
Random Person 458,1975,1988
Random Person 459,1928,1964
Random Person 460,1988,1994
Random Person 461,1958,1979
Random Person 462,1998,1999
Random Person 463,1972,1986
Random Person 464,1921,1961
Random Person 465,1937,1969
Random Person 466,1954,1977
Random Person 467,1972,1986
Random Person 468,1982,1991
Random Person 469,1940,1970
Random Person 470,1943,1972
Random Person 471,1970,1985
Random Person 472,1937,1969
Random Person 473,1941,1971
Random Person 474,1997,1999
Random Person 475,1979,1990
Random Person 476,1963,1982
Random Person 477,1995,1998
Random Person 478,1914,1957
Random Person 479,1906,1953
Random Person 480,1994,1997
Random Person 481,1973,1987
Random Person 482,1937,1969
Random Person 483,1967,1984
Random Person 484,1931,1966
Random Person 485,1994,1997
Random Person 486,1943,1972
Random Person 487,1932,1966
Random Person 488,1904,1952
Random Person 489,1939,1970
Random Person 490,1958,1979
Random Person 491,1999,2000
Random Person 492,1969,1985
Random Person 493,1912,1956
Random Person 494,1967,1984
Random Person 495,1979,1990
Random Person 496,1996,1998
Random Person 497,1925,1963
Random Person 498,1929,1965
Random Person 499,1907,1954
Random Person 500,1986,1993
Random Person 501,1922,1961
Random Person 502,1909,1955
Random Person 503,1961,1981
Random Person 504,1906,1953
Random Person 505,1976,1988
Random Person 506,1920,1960
Random Person 507,1984,1992
Random Person 508,1971,1986
Random Person 509,1907,1954
Random Person 510,1977,1989
Random Person 511,1965,1983
Random Person 512,1988,1994
Random Person 513,1968,1984
Random Person 514,1935,1968
Random Person 515,1914,1957
Random Person 516,1921,1961
Random Person 517,1931,1966
Random Person 518,1940,1970
Random Person 519,1928,1964
Random Person 520,1994,1997
Random Person 521,1922,1961
Random Person 522,1967,1984
Random Person 523,1943,1972
Random Person 524,1983,1992
Random Person 525,1945,1973
Random Person 526,1901,1951
Random Person 527,1924,1962
Random Person 528,1974,1987
Random Person 529,1918,1959
Random Person 530,1983,1992
Random Person 531,1938,1969
Random Person 532,1966,1983
Random Person 533,1906,1953
Random Person 534,1921,1961
Random Person 535,1971,1986
Random Person 536,1964,1982
Random Person 537,1976,1988
Random Person 538,1961,1981
Random Person 539,1956,1978
Random Person 540,1973,1987
Random Person 541,1960,1980
Random Person 542,1961,1981
Random Person 543,1998,1999
Random Person 544,1962,1981
Random Person 545,1993,1997
Random Person 546,1911,1956
Random Person 547,1900,1950
Random Person 548,1977,1989
Random Person 549,1952,1976
Random Person 550,1957,1979
Random Person 551,1965,1983
Random Person 552,1986,1993
Random Person 553,1900,1950
Random Person 554,1914,1957
Random Person 555,1964,1982
Random Person 556,1956,1978
Random Person 557,1967,1984
Random Person 558,1979,1990
Random Person 559,1962,1981
Random Person 560,1975,1988
Random Person 561,1996,1998
Random Person 562,1909,1955
Random Person 563,1952,1976
Random Person 564,1924,1962
Random Person 565,1939,1970
Random Person 566,2000,2000
Random Person 567,1981,1991
Random Person 568,1947,1974
Random Person 569,1965,1983
Random Person 570,1951,1976
Random Person 571,1945,1973
Random Person 572,1971,1986
Random Person 573,1985,1993
Random Person 574,1956,1978
Random Person 575,1934,1967
Random Person 576,1961,1981
Random Person 577,1969,1985
Random Person 578,1981,1991
Random Person 579,1990,1995
Random Person 580,1934,1967
Random Person 581,1900,1950
Random Person 582,1948,1974
Random Person 583,1921,1961
Random Person 584,1962,1981
Random Person 585,1918,1959
Random Person 586,1952,1976
Random Person 587,1965,1983
Random Person 588,1993,1997
Random Person 589,1957,1979
Random Person 590,1915,1958
Random Person 591,1998,1999
Random Person 592,1998,1999
Random Person 593,1999,2000
Random Person 594,1981,1991
Random Person 595,1977,1989
Random Person 596,1950,1975
Random Person 597,1908,1954
Random Person 598,1974,1987
Random Person 599,1923,1962
Random Person 600,1993,1997
Random Person 601,1930,1965
Random Person 602,1953,1977
Random Person 603,1912,1956
Random Person 604,1901,1951
Random Person 605,1911,1956
Random Person 606,1995,1998
Random Person 607,1901,1951
Random Person 608,1945,1973
Random Person 609,1980,1990
Random Person 610,1902,1951
Random Person 611,1987,1994
Random Person 612,1986,1993
Random Person 613,1989,1995
Random Person 614,1927,1964
Random Person 615,1974,1987
Random Person 616,1948,1974
Random Person 617,1988,1994
Random Person 618,1991,1996
Random Person 619,1906,1953
Random Person 620,1987,1994
Random Person 621,1935,1968
Random Person 622,1989,1995
Random Person 623,1991,1996
Random Person 624,1949,1975
Random Person 625,1954,1977
Random Person 626,1947,1974
Random Person 627,1972,1986
Random Person 628,1903,1952
Random Person 629,1980,1990
Random Person 630,1984,1994
Random Person 631,1953,1981
Random Person 632,1996,1998
Random Person 633,1958,1983
Random Person 634,1998,1999
Random Person 635,1904,1961
Random Person 636,1947,1978
Random Person 637,1935,1974
Random Person 638,1920,1967
Random Person 639,1951,1980
Random Person 640,1923,1969
Random Person 641,1951,1980
Random Person 642,1919,1967
Random Person 643,1912,1964
Random Person 644,1955,1982
Random Person 645,1929,1971
Random Person 646,1911,1964
Random Person 647,1909,1963
Random Person 648,1972,1989
Random Person 649,1906,1962
Random Person 650,1929,1971
Random Person 651,1962,1985
Random Person 652,1918,1967
Random Person 653,1967,1987
Random Person 654,1936,1974
Random Person 655,1957,1983
Random Person 656,1941,1976
Random Person 657,1963,1985
Random Person 658,1963,1985
Random Person 659,1948,1979
Random Person 660,1964,1985
Random Person 661,1922,1968
Random Person 662,1998,1999
Random Person 663,1966,1986
Random Person 664,1996,1998
Random Person 665,1950,1980
Random Person 666,1991,1996
Random Person 667,1928,1971
Random Person 668,1992,1997
Random Person 669,1923,1969
Random Person 670,1926,1970
Random Person 671,1912,1964
Random Person 672,1968,1987
Random Person 673,1939,1975
Random Person 674,1983,1993
Random Person 675,1935,1974
Random Person 676,1916,1966
Random Person 677,1977,1991
Random Person 678,1935,1974
Random Person 679,1920,1967
Random Person 680,1942,1976
Random Person 681,1938,1975
Random Person 682,1900,1959
Random Person 683,1997,1999
Random Person 684,1951,1980
Random Person 685,1922,1968
Random Person 686,1934,1973
Random Person 687,1928,1971
Random Person 688,1921,1968
Random Person 689,1940,1976
Random Person 690,1963,1985
Random Person 691,1985,1994
Random Person 692,1973,1989
Random Person 693,1973,1989
Random Person 694,1987,1995
Random Person 695,1900,1959
Random Person 696,1954,1981
Random Person 697,1954,1981
Random Person 698,1916,1966
Random Person 699,1904,1961
Random Person 700,1938,1975
Random Person 701,1984,1994
Random Person 702,1918,1967
Random Person 703,1948,1979
Random Person 704,1980,1992
Random Person 705,1916,1966
Random Person 706,1995,1998
Random Person 707,1979,1992
Random Person 708,1985,1994
Random Person 709,1901,1960
Random Person 710,1941,1976
Random Person 711,1965,1986
Random Person 712,1927,1970
Random Person 713,1943,1977
Random Person 714,1905,1961
Random Person 715,1926,1970
Random Person 716,1922,1968
Random Person 717,1900,1959
Random Person 718,1915,1965
Random Person 719,1974,1989
Random Person 720,1915,1965
Random Person 721,1963,1985
Random Person 722,1906,1962
Random Person 723,1951,1980
Random Person 724,1961,1984
Random Person 725,1942,1976
Random Person 726,1940,1976
Random Person 727,1996,1998
Random Person 728,1953,1981
Random Person 729,1982,1993
Random Person 730,1982,1993
Random Person 731,1962,1985
Random Person 732,1960,1984
Random Person 733,1930,1971
Random Person 734,1983,1993
Random Person 735,1959,1983
Random Person 736,1919,1967
Random Person 737,1953,1981
Random Person 738,1916,1966
Random Person 739,1934,1973
Random Person 740,1928,1971
Random Person 741,1956,1982
Random Person 742,1944,1977
Random Person 743,1920,1967
Random Person 744,2000,2000
Random Person 745,1999,2000
Random Person 746,1957,1983
Random Person 747,1929,1971
Random Person 748,1968,1987
Random Person 749,1961,1984
Random Person 750,1979,1992
Random Person 751,1953,1981
Random Person 752,1939,1975
Random Person 753,1943,1977
Random Person 754,1990,1996
Random Person 755,1975,1990
Random Person 756,1977,1991
Random Person 757,1967,1987
Random Person 758,1987,1995
Random Person 759,1938,1975
Random Person 760,1976,1990
Random Person 761,2000,2000
Random Person 762,1926,1970
Random Person 763,1902,1960
Random Person 764,1920,1967
Random Person 765,1979,1992
Random Person 766,1905,1961
Random Person 767,1997,1999
Random Person 768,1960,1984
Random Person 769,1946,1978
Random Person 770,1906,1962
Random Person 771,1970,1988
Random Person 772,1984,1994
Random Person 773,1981,1992
Random Person 774,1946,1978
Random Person 775,1960,1984
Random Person 776,1919,1967
Random Person 777,1987,1995
Random Person 778,1952,1980
Random Person 779,1963,1985
Random Person 780,1986,1994
Random Person 781,1910,1963
Random Person 782,1927,1970
Random Person 783,1992,1997
Random Person 784,1903,1960
Random Person 785,1928,1971
Random Person 786,1923,1969
Random Person 787,1917,1966
Random Person 788,1941,1976
Random Person 789,1907,1962
Random Person 790,1983,1993
Random Person 791,1952,1980
Random Person 792,1966,1986
Random Person 793,1979,1992
Random Person 794,1958,1983
Random Person 795,1929,1971
Random Person 796,1929,1971
Random Person 797,1941,1976
Random Person 798,2000,2000
Random Person 799,1920,1967
Random Person 800,1993,1997
Random Person 801,1960,1984
Random Person 802,1969,1987
Random Person 803,1921,1968
Random Person 804,1955,1982
Random Person 805,1908,1962
Random Person 806,1969,1987
Random Person 807,1958,1983
Random Person 808,1997,1999
Random Person 809,1929,1971
Random Person 810,1956,1982
Random Person 811,1990,1996
Random Person 812,1915,1965
Random Person 813,1924,1969
Random Person 814,1952,1980
Random Person 815,1966,1986
Random Person 816,1972,1989
Random Person 817,1934,1973
Random Person 818,2000,2000
Random Person 819,1992,1997
Random Person 820,1956,1982
Random Person 821,1989,1996
Random Person 822,1956,1982
Random Person 823,1953,1981
Random Person 824,1963,1985
Random Person 825,1954,1981
Random Person 826,1904,1961
Random Person 827,1904,1961
Random Person 828,1922,1968
Random Person 829,1917,1966
Random Person 830,1930,1971
Random Person 831,1978,1991
Random Person 832,1987,1995
Random Person 833,1932,1972
Random Person 834,1970,1988
Random Person 835,1925,1969
Random Person 836,1941,1976
Random Person 837,1906,1962
Random Person 838,1937,1974
Random Person 839,1995,1998
Random Person 840,1959,1983
Random Person 841,1965,1986
Random Person 842,1920,1967
Random Person 843,1912,1964
Random Person 844,1951,1980
Random Person 845,1994,1998
Random Person 846,1937,1974
Random Person 847,1941,1976
Random Person 848,1927,1970
Random Person 849,1993,1997
Random Person 850,1957,1983
Random Person 851,1995,1998
Random Person 852,1941,1976
Random Person 853,1908,1962
Random Person 854,1964,1985
Random Person 855,1904,1961
Random Person 856,1904,1961
Random Person 857,1916,1966
Random Person 858,1959,1983
Random Person 859,1900,1959
Random Person 860,1904,1961
Random Person 861,1965,1986
Random Person 862,1936,1974
Random Person 863,1980,1992
Random Person 864,1999,2000
Random Person 865,1978,1991
Random Person 866,1902,1960
Random Person 867,1983,1993
Random Person 868,1955,1982
Random Person 869,1927,1970
Random Person 870,1924,1969
Random Person 871,1966,1986
Random Person 872,1998,1999
Random Person 873,1905,1961
Random Person 874,1933,1973
Random Person 875,1992,1997
Random Person 876,1968,1987
Random Person 877,1944,1977
Random Person 878,1901,1960
Random Person 879,1970,1988
Random Person 880,1916,1966
Random Person 881,1964,1985
Random Person 882,1978,1991
Random Person 883,1930,1971
Random Person 884,1960,1984
Random Person 885,1936,1974
Random Person 886,1937,1974
Random Person 887,1979,1992
Random Person 888,1968,1987
Random Person 889,1965,1986
Random Person 890,1921,1968
Random Person 891,1925,1969
Random Person 892,1947,1978
Random Person 893,1937,1974
Random Person 894,1991,1996
Random Person 895,1995,1998
Random Person 896,1929,1971
Random Person 897,1941,1976
Random Person 898,1913,1965
Random Person 899,1973,1989
Random Person 900,1991,1996
Random Person 901,1954,1981
Random Person 902,1986,1994
Random Person 903,1900,1959
Random Person 904,1969,1987
Random Person 905,1992,1997
Random Person 906,1998,1999
Random Person 907,1935,1974
Random Person 908,1976,1990
Random Person 909,1972,1989
Random Person 910,1937,1974
Random Person 911,1961,1984
Random Person 912,1915,1965
Random Person 913,1989,1996
Random Person 914,1984,1994
Random Person 915,1940,1976
Random Person 916,1987,1995
Random Person 917,1906,1962
Random Person 918,1919,1967
Random Person 919,1963,1985
Random Person 920,1941,1976
Random Person 921,1924,1969
Random Person 922,1915,1965
Random Person 923,1991,1996
Random Person 924,1906,1962
Random Person 925,1999,2000
Random Person 926,1918,1967
Random Person 927,1960,1984
Random Person 928,1915,1965
Random Person 929,1938,1975
Random Person 930,1963,1985
Random Person 931,1926,1970
Random Person 932,1930,1971
Random Person 933,1928,1971
Random Person 934,1980,1992
Random Person 935,1963,1985
Random Person 936,1978,1991
Random Person 937,1978,1991
Random Person 938,1961,1984
Random Person 939,1969,1987
Random Person 940,1938,1975
Random Person 941,1901,1960
Random Person 942,1903,1960
Random Person 943,1996,1998
Random Person 944,1928,1977
Random Person 945,1960,1987
Random Person 946,1910,1971
Random Person 947,1959,1987
Random Person 948,1953,1985
Random Person 949,1950,1984
Random Person 950,1908,1971
Random Person 951,1922,1975
Random Person 952,1922,1975
Random Person 953,1950,1984
Random Person 954,1932,1978
Random Person 955,1966,1989
Random Person 956,1939,1981
Random Person 957,1996,1999
Random Person 958,1995,1999
Random Person 959,1970,1991
Random Person 960,1974,1992
Random Person 961,1937,1980
Random Person 962,1920,1975
Random Person 963,1937,1980
Random Person 964,1909,1971
Random Person 965,1910,1971
Random Person 966,1930,1978
Random Person 967,1987,1996
Random Person 968,1909,1971
Random Person 969,1921,1975
Random Person 970,1963,1988
Random Person 971,1908,1971
Random Person 972,1945,1983
Random Person 973,1951,1985
Random Person 974,1925,1976
Random Person 975,1939,1981
Random Person 976,1921,1975
Random Person 977,1919,1974
Random Person 978,1962,1988
Random Person 979,1946,1983
Random Person 980,1989,1997
Random Person 981,1959,1987
Random Person 982,1907,1970
Random Person 983,1966,1989
Random Person 984,1930,1978
Random Person 985,1940,1981
Random Person 986,1904,1970
Random Person 987,1980,1994
Random Person 988,1997,1999
Random Person 989,1913,1972
Random Person 990,1923,1976
Random Person 991,1982,1994
Random Person 992,1984,1995
Random Person 993,1991,1997
Random Person 994,1996,1999
Random Person 995,1900,1968
Random Person 996,1982,1994
Random Person 997,1966,1989
Random Person 998,1987,1996
Random Person 999,1917,1974
